{"Accession": "A0A0U1RRN3", "sequence": "MIVLGWMFFVGLVCYMGTFPELMPPTLKWQERWPVQESKTQLRRRALGEDLLQNHVEGI", "taxid": "9606", "features": [{"type": "NXS", "category": "MOTIF", "begin": "NA", "end": "NA", "color": "#FFA07A"}, {"type": "NXT", "category": "MOTIF", "begin": "NA", "end": "NA", "color": "#4DB07E"}, {"type": "NXC", "category": "MOTIF", "begin": "NA", "end": "NA", "color": "#00BFFF"}, {"type": "NXV", "category": "MOTIF", "begin": "54", "end": "54", "color": "#ADF5D1"}, {"type": "C", "category": "MOTIF", "begin": "14", "end": "14", "color": "#9987C8"}, {"type": "K", "category": "MOTIF", "begin": "28", "end": "28", "color": "#5CEBA3"}, {"type": "K", "category": "MOTIF", "begin": "39", "end": "39", "color": "#5CEBA3"}, {"type": "NOT-CAPTURED", "category": "PEPTIDE", "begin": "29", "end": "32", "description": "OK for MS: No | |  Mass: 599.28159", "color": "#606060"}, {"type": "NOT-CAPTURED", "category": "PEPTIDE", "begin": "40", "end": "43", "description": "OK for MS: No | |  Mass: 498.29143000000005", "color": "#606060"}, {"type": "NOT-CAPTURED", "category": "PEPTIDE", "begin": "44", "end": "44", "description": "OK for MS: No | |  Mass: 156.10111", "color": "#606060"}, {"type": "NOT-CAPTURED", "category": "PEPTIDE", "begin": "45", "end": "45", "description": "OK for MS: No | |  Mass: 156.10111", "color": "#606060"}, {"type": "N-GLYCO-CAPTURE", "category": "PEPTIDE", "begin": "46", "end": "59", "description": "OK for MS: Yes | |  Mass: 1488.75722", "color": "4DB07E"}, {"type": "C-CAPTURE", "category": "PEPTIDE", "begin": "1", "end": "28", "description": "OK for MS: Yes | |  Mass: 3258.62158", "color": "4DB07E"}, {"type": "K-CAPTURE", "category": "PEPTIDE", "begin": "1", "end": "28", "description": "OK for MS: Yes | |  Mass: 3258.62158", "color": "4DB07E"}, {"type": "K-CAPTURE", "category": "PEPTIDE", "begin": "33", "end": "39", "description": "OK for MS: Yes | |  Mass: 854.42864", "color": "4DB07E"}, {"type": "PHOBIUS", "category": "EXTRACELLULAR_DOMAIN", "begin": "1", "end": "6"}, {"type": "TMHMM", "category": "EXTRACELLULAR_DOMAIN", "begin": "20", "end": "60"}]}