{"Accession": "A0A075B6Y9", "sequence": "YGGSQGNLIFGKGTKLSVKP", "taxid": "9606", "features": [{"type": "NXS", "category": "MOTIF", "begin": "NA", "end": "NA", "color": "#FFA07A"}, {"type": "NXT", "category": "MOTIF", "begin": "NA", "end": "NA", "color": "#4DB07E"}, {"type": "NXC", "category": "MOTIF", "begin": "NA", "end": "NA", "color": "#00BFFF"}, {"type": "NXV", "category": "MOTIF", "begin": "NA", "end": "NA", "color": "#ADF5D1"}, {"type": "C", "category": "MOTIF", "begin": "NA", "end": "NA", "color": "#9987C8"}, {"type": "K", "category": "MOTIF", "begin": "12", "end": "12", "color": "#5CEBA3"}, {"type": "K", "category": "MOTIF", "begin": "15", "end": "15", "color": "#5CEBA3"}, {"type": "K", "category": "MOTIF", "begin": "19", "end": "19", "color": "#5CEBA3"}, {"type": "K-CAPTURE", "category": "PEPTIDE", "begin": "1", "end": "12", "description": "OK for MS: Yes | |  Mass: 1221.6142", "color": "4DB07E"}, {"type": "K-CAPTURE", "category": "PEPTIDE", "begin": "13", "end": "15", "description": "OK for MS: No | |  Mass: 286.16409999999996", "color": "#606060"}, {"type": "K-CAPTURE", "category": "PEPTIDE", "begin": "16", "end": "20", "description": "OK for MS: No | |  Mass: 524.33222", "color": "#606060"}]}