{"Accession": "A0A0A0MT76", "sequence": "PSRLLLQPSPQRADPRCWPRGFWSEPQSLCYVFGTGTKVTVL", "taxid": "9606", "features": [{"type": "NXS", "category": "MOTIF", "begin": "NA", "end": "NA", "color": "#FFA07A"}, {"type": "NXT", "category": "MOTIF", "begin": "NA", "end": "NA", "color": "#4DB07E"}, {"type": "NXC", "category": "MOTIF", "begin": "NA", "end": "NA", "color": "#00BFFF"}, {"type": "NXV", "category": "MOTIF", "begin": "NA", "end": "NA", "color": "#ADF5D1"}, {"type": "C", "category": "MOTIF", "begin": "17", "end": "17", "color": "#9987C8"}, {"type": "C", "category": "MOTIF", "begin": "30", "end": "30", "color": "#9987C8"}, {"type": "K", "category": "MOTIF", "begin": "38", "end": "38", "color": "#5CEBA3"}, {"type": "NOT-CAPTURED", "category": "PEPTIDE", "begin": "1", "end": "3", "description": "OK for MS: No | |  Mass: 340.1859", "color": "#606060"}, {"type": "NOT-CAPTURED", "category": "PEPTIDE", "begin": "4", "end": "12", "description": "OK for MS: Yes | |  Mass: 1032.608", "color": "4DB07E"}, {"type": "NOT-CAPTURED", "category": "PEPTIDE", "begin": "13", "end": "16", "description": "OK for MS: No | |  Mass: 439.21792", "color": "#606060"}, {"type": "C-CAPTURE", "category": "PEPTIDE", "begin": "17", "end": "20", "description": "OK for MS: No | |  Mass: 599.2638300000001", "color": "#606060"}, {"type": "NOT-CAPTURED", "category": "PEPTIDE", "begin": "39", "end": "42", "description": "OK for MS: No | |  Mass: 412.26856", "color": "#606060"}, {"type": "C-CAPTURE", "category": "PEPTIDE", "begin": "21", "end": "38", "description": "OK for MS: Yes | |  Mass: 2044.9352699999995", "color": "4DB07E"}, {"type": "K-CAPTURE", "category": "PEPTIDE", "begin": "21", "end": "38", "description": "OK for MS: Yes | |  Mass: 2044.9352699999995", "color": "4DB07E"}]}