{"Accession": "A0A075B6S0", "sequence": "NYYKKLFGSGTTLVVT", "taxid": "9606", "features": [{"type": "NXS", "category": "MOTIF", "begin": "NA", "end": "NA", "color": "#FFA07A"}, {"type": "NXT", "category": "MOTIF", "begin": "NA", "end": "NA", "color": "#4DB07E"}, {"type": "NXC", "category": "MOTIF", "begin": "NA", "end": "NA", "color": "#00BFFF"}, {"type": "NXV", "category": "MOTIF", "begin": "NA", "end": "NA", "color": "#ADF5D1"}, {"type": "C", "category": "MOTIF", "begin": "NA", "end": "NA", "color": "#9987C8"}, {"type": "K", "category": "MOTIF", "begin": "4", "end": "4", "color": "#5CEBA3"}, {"type": "K", "category": "MOTIF", "begin": "5", "end": "5", "color": "#5CEBA3"}, {"type": "NOT-CAPTURED", "category": "PEPTIDE", "begin": "6", "end": "16", "description": "OK for MS: Yes | |  Mass: 1075.59134", "color": "4DB07E"}, {"type": "K-CAPTURE", "category": "PEPTIDE", "begin": "1", "end": "4", "description": "OK for MS: No | |  Mass: 568.26455", "color": "#606060"}, {"type": "K-CAPTURE", "category": "PEPTIDE", "begin": "5", "end": "5", "description": "OK for MS: No | |  Mass: 128.09496", "color": "#606060"}]}