{"Accession": "A0A0C5B5G6", "sequence": "MRWQEMGYIFYPRKLR", "taxid": "9606", "features": [{"type": "NXS", "category": "MOTIF", "begin": "NA", "end": "NA", "color": "#FFA07A"}, {"type": "NXT", "category": "MOTIF", "begin": "NA", "end": "NA", "color": "#4DB07E"}, {"type": "NXC", "category": "MOTIF", "begin": "NA", "end": "NA", "color": "#00BFFF"}, {"type": "NXV", "category": "MOTIF", "begin": "NA", "end": "NA", "color": "#ADF5D1"}, {"type": "C", "category": "MOTIF", "begin": "NA", "end": "NA", "color": "#9987C8"}, {"type": "K", "category": "MOTIF", "begin": "14", "end": "14", "color": "#5CEBA3"}, {"type": "NOT-CAPTURED", "category": "PEPTIDE", "begin": "1", "end": "2", "description": "OK for MS: No | |  Mass: 287.14160000000004", "color": "#606060"}, {"type": "NOT-CAPTURED", "category": "PEPTIDE", "begin": "3", "end": "13", "description": "OK for MS: Yes | |  Mass: 1470.67543", "color": "4DB07E"}, {"type": "NOT-CAPTURED", "category": "PEPTIDE", "begin": "15", "end": "16", "description": "OK for MS: No | |  Mass: 269.18516999999997", "color": "#606060"}, {"type": "K-CAPTURE", "category": "PEPTIDE", "begin": "14", "end": "14", "description": "OK for MS: No | |  Mass: 128.09496", "color": "#606060"}]}