{"Accession": "A0A075B6Y3", "sequence": "GYSSASKIIFGSGTRLSIRP", "taxid": "9606", "features": [{"type": "NXS", "category": "MOTIF", "begin": "NA", "end": "NA", "color": "#FFA07A"}, {"type": "NXT", "category": "MOTIF", "begin": "NA", "end": "NA", "color": "#4DB07E"}, {"type": "NXC", "category": "MOTIF", "begin": "NA", "end": "NA", "color": "#00BFFF"}, {"type": "NXV", "category": "MOTIF", "begin": "NA", "end": "NA", "color": "#ADF5D1"}, {"type": "C", "category": "MOTIF", "begin": "NA", "end": "NA", "color": "#9987C8"}, {"type": "K", "category": "MOTIF", "begin": "7", "end": "7", "color": "#5CEBA3"}, {"type": "NOT-CAPTURED", "category": "PEPTIDE", "begin": "8", "end": "15", "description": "OK for MS: Yes | |  Mass: 831.46027", "color": "4DB07E"}, {"type": "NOT-CAPTURED", "category": "PEPTIDE", "begin": "16", "end": "20", "description": "OK for MS: No | |  Mass: 566.35402", "color": "#606060"}, {"type": "K-CAPTURE", "category": "PEPTIDE", "begin": "1", "end": "7", "description": "OK for MS: Yes | |  Mass: 680.31295", "color": "4DB07E"}]}