{"Accession": "A0A075B706", "sequence": "TDKLIFGKGTRVTVEP", "taxid": "9606", "features": [{"type": "NXS", "category": "MOTIF", "begin": "NA", "end": "NA", "color": "#FFA07A"}, {"type": "NXT", "category": "MOTIF", "begin": "NA", "end": "NA", "color": "#4DB07E"}, {"type": "NXC", "category": "MOTIF", "begin": "NA", "end": "NA", "color": "#00BFFF"}, {"type": "NXV", "category": "MOTIF", "begin": "NA", "end": "NA", "color": "#ADF5D1"}, {"type": "C", "category": "MOTIF", "begin": "NA", "end": "NA", "color": "#9987C8"}, {"type": "K", "category": "MOTIF", "begin": "3", "end": "3", "color": "#5CEBA3"}, {"type": "K", "category": "MOTIF", "begin": "8", "end": "8", "color": "#5CEBA3"}, {"type": "NOT-CAPTURED", "category": "PEPTIDE", "begin": "9", "end": "11", "description": "OK for MS: No | |  Mass: 314.17025", "color": "#606060"}, {"type": "NOT-CAPTURED", "category": "PEPTIDE", "begin": "12", "end": "16", "description": "OK for MS: No | |  Mass: 525.27985", "color": "#606060"}, {"type": "K-CAPTURE", "category": "PEPTIDE", "begin": "1", "end": "3", "description": "OK for MS: No | |  Mass: 344.16958", "color": "#606060"}, {"type": "K-CAPTURE", "category": "PEPTIDE", "begin": "4", "end": "8", "description": "OK for MS: No | |  Mass: 558.35295", "color": "#606060"}]}