{"Accession": "A0A0A0MT87", "sequence": "AKNIQYFGAGTRLSVL", "taxid": "9606", "features": [{"type": "NXS", "category": "MOTIF", "begin": "NA", "end": "NA", "color": "#FFA07A"}, {"type": "NXT", "category": "MOTIF", "begin": "NA", "end": "NA", "color": "#4DB07E"}, {"type": "NXC", "category": "MOTIF", "begin": "NA", "end": "NA", "color": "#00BFFF"}, {"type": "NXV", "category": "MOTIF", "begin": "NA", "end": "NA", "color": "#ADF5D1"}, {"type": "C", "category": "MOTIF", "begin": "NA", "end": "NA", "color": "#9987C8"}, {"type": "K", "category": "MOTIF", "begin": "2", "end": "2", "color": "#5CEBA3"}, {"type": "NOT-CAPTURED", "category": "PEPTIDE", "begin": "3", "end": "12", "description": "OK for MS: Yes | |  Mass: 1107.5461300000002", "color": "4DB07E"}, {"type": "NOT-CAPTURED", "category": "PEPTIDE", "begin": "13", "end": "16", "description": "OK for MS: No | |  Mass: 412.26856", "color": "#606060"}, {"type": "K-CAPTURE", "category": "PEPTIDE", "begin": "1", "end": "2", "description": "OK for MS: No | |  Mass: 199.13207", "color": "#606060"}]}