{"Accession": "A0A0A0MT89", "sequence": "WTFGQGTKVEIK", "taxid": "9606", "features": [{"type": "NXS", "category": "MOTIF", "begin": "NA", "end": "NA", "color": "#FFA07A"}, {"type": "NXT", "category": "MOTIF", "begin": "NA", "end": "NA", "color": "#4DB07E"}, {"type": "NXC", "category": "MOTIF", "begin": "NA", "end": "NA", "color": "#00BFFF"}, {"type": "NXV", "category": "MOTIF", "begin": "NA", "end": "NA", "color": "#ADF5D1"}, {"type": "C", "category": "MOTIF", "begin": "NA", "end": "NA", "color": "#9987C8"}, {"type": "K", "category": "MOTIF", "begin": "8", "end": "8", "color": "#5CEBA3"}, {"type": "K", "category": "MOTIF", "begin": "12", "end": "12", "color": "#5CEBA3"}, {"type": "K-CAPTURE", "category": "PEPTIDE", "begin": "1", "end": "8", "description": "OK for MS: Yes | |  Mass: 905.43954", "color": "4DB07E"}, {"type": "K-CAPTURE", "category": "PEPTIDE", "begin": "9", "end": "12", "description": "OK for MS: No | |  Mass: 469.29002", "color": "#606060"}]}