{"Accession": "A0A075B700", "sequence": "NNNARLMFGDGTQLVVKP", "taxid": "9606", "features": [{"type": "NXS", "category": "MOTIF", "begin": "NA", "end": "NA", "color": "#FFA07A"}, {"type": "NXT", "category": "MOTIF", "begin": "NA", "end": "NA", "color": "#4DB07E"}, {"type": "NXC", "category": "MOTIF", "begin": "NA", "end": "NA", "color": "#00BFFF"}, {"type": "NXV", "category": "MOTIF", "begin": "NA", "end": "NA", "color": "#ADF5D1"}, {"type": "C", "category": "MOTIF", "begin": "NA", "end": "NA", "color": "#9987C8"}, {"type": "K", "category": "MOTIF", "begin": "17", "end": "17", "color": "#5CEBA3"}, {"type": "NOT-CAPTURED", "category": "PEPTIDE", "begin": "1", "end": "5", "description": "OK for MS: No | |  Mass: 569.26701", "color": "#606060"}, {"type": "K-CAPTURE", "category": "PEPTIDE", "begin": "6", "end": "18", "description": "OK for MS: Yes | |  Mass: 1385.7376800000002", "color": "4DB07E"}]}