{"Accession": "A0A0B4J2F0", "sequence": "MFRRLTFAQLLFATVLGIAGGVYIFQPVFEQYAKDQKELKEKMQLVQESEEKKS", "taxid": "9606", "features": [{"type": "NXS", "category": "MOTIF", "begin": "NA", "end": "NA", "color": "#FFA07A"}, {"type": "NXT", "category": "MOTIF", "begin": "NA", "end": "NA", "color": "#4DB07E"}, {"type": "NXC", "category": "MOTIF", "begin": "NA", "end": "NA", "color": "#00BFFF"}, {"type": "NXV", "category": "MOTIF", "begin": "NA", "end": "NA", "color": "#ADF5D1"}, {"type": "C", "category": "MOTIF", "begin": "NA", "end": "NA", "color": "#9987C8"}, {"type": "K", "category": "MOTIF", "begin": "34", "end": "34", "color": "#5CEBA3"}, {"type": "K", "category": "MOTIF", "begin": "37", "end": "37", "color": "#5CEBA3"}, {"type": "K", "category": "MOTIF", "begin": "40", "end": "40", "color": "#5CEBA3"}, {"type": "K", "category": "MOTIF", "begin": "42", "end": "42", "color": "#5CEBA3"}, {"type": "K", "category": "MOTIF", "begin": "52", "end": "52", "color": "#5CEBA3"}, {"type": "K", "category": "MOTIF", "begin": "53", "end": "53", "color": "#5CEBA3"}, {"type": "NOT-CAPTURED", "category": "PEPTIDE", "begin": "1", "end": "3", "description": "OK for MS: No | |  Mass: 434.21001", "color": "#606060"}, {"type": "NOT-CAPTURED", "category": "PEPTIDE", "begin": "4", "end": "4", "description": "OK for MS: No | |  Mass: 156.10111", "color": "#606060"}, {"type": "NOT-CAPTURED", "category": "PEPTIDE", "begin": "54", "end": "54", "description": "OK for MS: No | |  Mass: 87.03203", "color": "#606060"}, {"type": "K-CAPTURE", "category": "PEPTIDE", "begin": "5", "end": "34", "description": "OK for MS: Yes | |  Mass: 3285.7841199999993", "color": "4DB07E"}, {"type": "K-CAPTURE", "category": "PEPTIDE", "begin": "35", "end": "37", "description": "OK for MS: No | |  Mass: 371.18048", "color": "#606060"}, {"type": "K-CAPTURE", "category": "PEPTIDE", "begin": "38", "end": "40", "description": "OK for MS: No | |  Mass: 370.22160999999994", "color": "#606060"}, {"type": "K-CAPTURE", "category": "PEPTIDE", "begin": "41", "end": "42", "description": "OK for MS: No | |  Mass: 257.13755", "color": "#606060"}, {"type": "K-CAPTURE", "category": "PEPTIDE", "begin": "43", "end": "52", "description": "OK for MS: Yes | |  Mass: 1201.56488", "color": "4DB07E"}, {"type": "K-CAPTURE", "category": "PEPTIDE", "begin": "53", "end": "53", "description": "OK for MS: No | |  Mass: 128.09496", "color": "#606060"}, {"type": "PHOBIUS", "category": "EXTRACELLULAR_DOMAIN", "begin": "22", "end": "55"}, {"type": "TMHMM", "category": "EXTRACELLULAR_DOMAIN", "begin": "30", "end": "55"}]}