{"Accession": "A0A0J9YWX3", "sequence": "SYNSPLHFGNGTRLTVT", "taxid": "9606", "features": [{"type": "NXS", "category": "MOTIF", "begin": "NA", "end": "NA", "color": "#FFA07A"}, {"type": "NXT", "category": "MOTIF", "begin": "10", "end": "10", "color": "#4DB07E"}, {"type": "NXC", "category": "MOTIF", "begin": "NA", "end": "NA", "color": "#00BFFF"}, {"type": "NXV", "category": "MOTIF", "begin": "NA", "end": "NA", "color": "#ADF5D1"}, {"type": "C", "category": "MOTIF", "begin": "NA", "end": "NA", "color": "#9987C8"}, {"type": "K", "category": "MOTIF", "begin": "NA", "end": "NA", "color": "#5CEBA3"}, {"type": "N-GLYCO-CAPTURE", "category": "PEPTIDE", "begin": "1", "end": "13", "description": "OK for MS: Yes | |  Mass: 1430.6691", "color": "4DB07E"}, {"type": "NOT-CAPTURED", "category": "PEPTIDE", "begin": "14", "end": "17", "description": "OK for MS: No | |  Mass: 414.24783", "color": "#606060"}]}