{"Accession": "A0A1B0GUW7", "sequence": "MKPVSRRTLDWIYSVLLLAIVLISWGCIIYASMVSARRQLRKKYPDKIFGTNENL", "taxid": "9606", "features": [{"type": "NXS", "category": "MOTIF", "begin": "NA", "end": "NA", "color": "#FFA07A"}, {"type": "NXT", "category": "MOTIF", "begin": "NA", "end": "NA", "color": "#4DB07E"}, {"type": "NXC", "category": "MOTIF", "begin": "NA", "end": "NA", "color": "#00BFFF"}, {"type": "NXV", "category": "MOTIF", "begin": "NA", "end": "NA", "color": "#ADF5D1"}, {"type": "C", "category": "MOTIF", "begin": "27", "end": "27", "color": "#9987C8"}, {"type": "K", "category": "MOTIF", "begin": "2", "end": "2", "color": "#5CEBA3"}, {"type": "K", "category": "MOTIF", "begin": "42", "end": "42", "color": "#5CEBA3"}, {"type": "K", "category": "MOTIF", "begin": "43", "end": "43", "color": "#5CEBA3"}, {"type": "K", "category": "MOTIF", "begin": "47", "end": "47", "color": "#5CEBA3"}, {"type": "NOT-CAPTURED", "category": "PEPTIDE", "begin": "7", "end": "7", "description": "OK for MS: No | |  Mass: 156.10111", "color": "#606060"}, {"type": "C-CAPTURE", "category": "PEPTIDE", "begin": "8", "end": "37", "description": "OK for MS: Yes | |  Mass: 3407.8388899999995", "color": "4DB07E"}, {"type": "NOT-CAPTURED", "category": "PEPTIDE", "begin": "38", "end": "38", "description": "OK for MS: No | |  Mass: 156.10111", "color": "#606060"}, {"type": "NOT-CAPTURED", "category": "PEPTIDE", "begin": "39", "end": "41", "description": "OK for MS: No | |  Mass: 397.24375", "color": "#606060"}, {"type": "NOT-CAPTURED", "category": "PEPTIDE", "begin": "48", "end": "55", "description": "OK for MS: Yes | |  Mass: 888.43412", "color": "4DB07E"}, {"type": "K-CAPTURE", "category": "PEPTIDE", "begin": "1", "end": "6", "description": "OK for MS: Yes | |  Mass: 698.38976", "color": "4DB07E"}, {"type": "K-CAPTURE", "category": "PEPTIDE", "begin": "42", "end": "42", "description": "OK for MS: No | |  Mass: 128.09496", "color": "#606060"}, {"type": "K-CAPTURE", "category": "PEPTIDE", "begin": "43", "end": "43", "description": "OK for MS: No | |  Mass: 128.09496", "color": "#606060"}, {"type": "K-CAPTURE", "category": "PEPTIDE", "begin": "44", "end": "47", "description": "OK for MS: No | |  Mass: 503.23798999999997", "color": "#606060"}, {"type": "PHOBIUS", "category": "EXTRACELLULAR_DOMAIN", "begin": "1", "end": "12"}, {"type": "TMHMM", "category": "EXTRACELLULAR_DOMAIN", "begin": "35", "end": "56"}]}