{"Accession": "A0A1B0GQX3", "sequence": "MCVLMEDSSMSNGIDVDKGFAIAFVVLVFVFLIVMVFRCVKLVKNPYEVSSTTADLPLN", "taxid": "9606", "features": [{"type": "NXS", "category": "MOTIF", "begin": "NA", "end": "NA", "color": "#FFA07A"}, {"type": "NXT", "category": "MOTIF", "begin": "NA", "end": "NA", "color": "#4DB07E"}, {"type": "NXC", "category": "MOTIF", "begin": "NA", "end": "NA", "color": "#00BFFF"}, {"type": "NXV", "category": "MOTIF", "begin": "NA", "end": "NA", "color": "#ADF5D1"}, {"type": "C", "category": "MOTIF", "begin": "2", "end": "2", "color": "#9987C8"}, {"type": "C", "category": "MOTIF", "begin": "39", "end": "39", "color": "#9987C8"}, {"type": "K", "category": "MOTIF", "begin": "18", "end": "18", "color": "#5CEBA3"}, {"type": "K", "category": "MOTIF", "begin": "41", "end": "41", "color": "#5CEBA3"}, {"type": "K", "category": "MOTIF", "begin": "44", "end": "44", "color": "#5CEBA3"}, {"type": "NOT-CAPTURED", "category": "PEPTIDE", "begin": "19", "end": "38", "description": "OK for MS: Yes | |  Mass: 2268.32603", "color": "4DB07E"}, {"type": "NOT-CAPTURED", "category": "PEPTIDE", "begin": "45", "end": "59", "description": "OK for MS: Yes | |  Mass: 1601.7572999999998", "color": "4DB07E"}, {"type": "C-CAPTURE", "category": "PEPTIDE", "begin": "1", "end": "18", "description": "OK for MS: Yes | |  Mass: 2011.83591", "color": "4DB07E"}, {"type": "K-CAPTURE", "category": "PEPTIDE", "begin": "1", "end": "18", "description": "OK for MS: Yes | |  Mass: 2011.83591", "color": "4DB07E"}, {"type": "C-CAPTURE", "category": "PEPTIDE", "begin": "39", "end": "41", "description": "OK for MS: No | |  Mass: 387.19402", "color": "#606060"}, {"type": "K-CAPTURE", "category": "PEPTIDE", "begin": "39", "end": "41", "description": "OK for MS: No | |  Mass: 387.19402", "color": "#606060"}, {"type": "K-CAPTURE", "category": "PEPTIDE", "begin": "42", "end": "44", "description": "OK for MS: No | |  Mass: 340.24743", "color": "#606060"}, {"type": "PHOBIUS", "category": "EXTRACELLULAR_DOMAIN", "begin": "1", "end": "20"}, {"type": "TMHMM", "category": "EXTRACELLULAR_DOMAIN", "begin": "1", "end": "20"}]}