{"Accession": "A0A1B0GW54", "sequence": "MARAPQPRRGPAAPGNALRALLRCNLPPGAQRVVVSAVLALLVLINVVLIFLLAFR", "taxid": "9606", "features": [{"type": "NXS", "category": "MOTIF", "begin": "NA", "end": "NA", "color": "#FFA07A"}, {"type": "NXT", "category": "MOTIF", "begin": "NA", "end": "NA", "color": "#4DB07E"}, {"type": "NXC", "category": "MOTIF", "begin": "NA", "end": "NA", "color": "#00BFFF"}, {"type": "NXV", "category": "MOTIF", "begin": "46", "end": "46", "color": "#ADF5D1"}, {"type": "C", "category": "MOTIF", "begin": "24", "end": "24", "color": "#9987C8"}, {"type": "K", "category": "MOTIF", "begin": "NA", "end": "NA", "color": "#5CEBA3"}, {"type": "NOT-CAPTURED", "category": "PEPTIDE", "begin": "1", "end": "3", "description": "OK for MS: No | |  Mass: 358.17871", "color": "#606060"}, {"type": "NOT-CAPTURED", "category": "PEPTIDE", "begin": "4", "end": "8", "description": "OK for MS: No | |  Mass: 549.30232", "color": "#606060"}, {"type": "NOT-CAPTURED", "category": "PEPTIDE", "begin": "9", "end": "9", "description": "OK for MS: No | |  Mass: 156.10111", "color": "#606060"}, {"type": "NOT-CAPTURED", "category": "PEPTIDE", "begin": "10", "end": "19", "description": "OK for MS: Yes | |  Mass: 904.4878699999999", "color": "4DB07E"}, {"type": "NOT-CAPTURED", "category": "PEPTIDE", "begin": "20", "end": "23", "description": "OK for MS: No | |  Mass: 453.30634000000003", "color": "#606060"}, {"type": "C-CAPTURE", "category": "PEPTIDE", "begin": "24", "end": "32", "description": "OK for MS: Yes | |  Mass: 993.4814200000001", "color": "4DB07E"}, {"type": "N-GLYCO-CAPTURE", "category": "PEPTIDE", "begin": "33", "end": "56", "description": "OK for MS: Yes | |  Mass: 2575.6596300000006", "color": "4DB07E"}, {"type": "PHOBIUS", "category": "EXTRACELLULAR_DOMAIN", "begin": "1", "end": "33"}, {"type": "TMHMM", "category": "EXTRACELLULAR_DOMAIN", "begin": "56", "end": "57"}]}