{"Accession": "A0A1B0GVM5", "sequence": "MDKELPKASPSEPALNIKKSGKSFKCKKPTKNVQVFLINRQLGRNRSDTDLSKWLWMLP", "taxid": "9606", "features": [{"type": "NXS", "category": "MOTIF", "begin": "45", "end": "45", "color": "#FFA07A"}, {"type": "NXT", "category": "MOTIF", "begin": "NA", "end": "NA", "color": "#4DB07E"}, {"type": "NXC", "category": "MOTIF", "begin": "NA", "end": "NA", "color": "#00BFFF"}, {"type": "NXV", "category": "MOTIF", "begin": "NA", "end": "NA", "color": "#ADF5D1"}, {"type": "C", "category": "MOTIF", "begin": "26", "end": "26", "color": "#9987C8"}, {"type": "K", "category": "MOTIF", "begin": "3", "end": "3", "color": "#5CEBA3"}, {"type": "K", "category": "MOTIF", "begin": "7", "end": "7", "color": "#5CEBA3"}, {"type": "K", "category": "MOTIF", "begin": "18", "end": "18", "color": "#5CEBA3"}, {"type": "K", "category": "MOTIF", "begin": "19", "end": "19", "color": "#5CEBA3"}, {"type": "K", "category": "MOTIF", "begin": "22", "end": "22", "color": "#5CEBA3"}, {"type": "K", "category": "MOTIF", "begin": "25", "end": "25", "color": "#5CEBA3"}, {"type": "K", "category": "MOTIF", "begin": "27", "end": "27", "color": "#5CEBA3"}, {"type": "K", "category": "MOTIF", "begin": "28", "end": "28", "color": "#5CEBA3"}, {"type": "K", "category": "MOTIF", "begin": "31", "end": "31", "color": "#5CEBA3"}, {"type": "K", "category": "MOTIF", "begin": "53", "end": "53", "color": "#5CEBA3"}, {"type": "NOT-CAPTURED", "category": "PEPTIDE", "begin": "32", "end": "40", "description": "OK for MS: Yes | |  Mass: 1083.6189", "color": "4DB07E"}, {"type": "NOT-CAPTURED", "category": "PEPTIDE", "begin": "41", "end": "44", "description": "OK for MS: No | |  Mass: 454.26521", "color": "#606060"}, {"type": "N-GLYCO-CAPTURE", "category": "PEPTIDE", "begin": "45", "end": "46", "description": "OK for MS: No | |  Mass: 270.14404", "color": "#606060"}, {"type": "NOT-CAPTURED", "category": "PEPTIDE", "begin": "54", "end": "59", "description": "OK for MS: Yes | |  Mass: 826.41999", "color": "4DB07E"}, {"type": "K-CAPTURE", "category": "PEPTIDE", "begin": "1", "end": "3", "description": "OK for MS: No | |  Mass: 374.16238999999996", "color": "#606060"}, {"type": "K-CAPTURE", "category": "PEPTIDE", "begin": "4", "end": "7", "description": "OK for MS: No | |  Mass: 467.27437", "color": "#606060"}, {"type": "K-CAPTURE", "category": "PEPTIDE", "begin": "8", "end": "18", "description": "OK for MS: Yes | |  Mass: 1107.5924", "color": "4DB07E"}, {"type": "K-CAPTURE", "category": "PEPTIDE", "begin": "19", "end": "19", "description": "OK for MS: No | |  Mass: 128.09496", "color": "#606060"}, {"type": "K-CAPTURE", "category": "PEPTIDE", "begin": "20", "end": "22", "description": "OK for MS: No | |  Mass: 272.14845", "color": "#606060"}, {"type": "K-CAPTURE", "category": "PEPTIDE", "begin": "23", "end": "25", "description": "OK for MS: No | |  Mass: 362.19539999999995", "color": "#606060"}, {"type": "C-CAPTURE", "category": "PEPTIDE", "begin": "26", "end": "27", "description": "OK for MS: No | |  Mass: 288.12561", "color": "#606060"}, {"type": "K-CAPTURE", "category": "PEPTIDE", "begin": "26", "end": "27", "description": "OK for MS: No | |  Mass: 288.12561", "color": "#606060"}, {"type": "K-CAPTURE", "category": "PEPTIDE", "begin": "47", "end": "53", "description": "OK for MS: Yes | |  Mass: 746.34464", "color": "4DB07E"}, {"type": "K-CAPTURE", "category": "PEPTIDE", "begin": "28", "end": "31", "description": "OK for MS: No | |  Mass: 454.29035999999996", "color": "#606060"}]}