{"Accession": "A0A140LHV9", "sequence": "MRPMSRRSLDWTYSLLLLAIVLLSWGFVIYASTVAARRQLQKEFPDKFF", "taxid": "9606", "features": [{"type": "NXS", "category": "MOTIF", "begin": "NA", "end": "NA", "color": "#FFA07A"}, {"type": "NXT", "category": "MOTIF", "begin": "NA", "end": "NA", "color": "#4DB07E"}, {"type": "NXC", "category": "MOTIF", "begin": "NA", "end": "NA", "color": "#00BFFF"}, {"type": "NXV", "category": "MOTIF", "begin": "NA", "end": "NA", "color": "#ADF5D1"}, {"type": "C", "category": "MOTIF", "begin": "NA", "end": "NA", "color": "#9987C8"}, {"type": "K", "category": "MOTIF", "begin": "42", "end": "42", "color": "#5CEBA3"}, {"type": "K", "category": "MOTIF", "begin": "47", "end": "47", "color": "#5CEBA3"}, {"type": "NOT-CAPTURED", "category": "PEPTIDE", "begin": "1", "end": "6", "description": "OK for MS: Yes | |  Mass: 758.36799", "color": "4DB07E"}, {"type": "NOT-CAPTURED", "category": "PEPTIDE", "begin": "7", "end": "7", "description": "OK for MS: No | |  Mass: 156.10111", "color": "#606060"}, {"type": "NOT-CAPTURED", "category": "PEPTIDE", "begin": "8", "end": "37", "description": "OK for MS: Yes | |  Mass: 3322.8368899999996", "color": "4DB07E"}, {"type": "NOT-CAPTURED", "category": "PEPTIDE", "begin": "38", "end": "38", "description": "OK for MS: No | |  Mass: 156.10111", "color": "#606060"}, {"type": "NOT-CAPTURED", "category": "PEPTIDE", "begin": "48", "end": "49", "description": "OK for MS: No | |  Mass: 294.13682", "color": "#606060"}, {"type": "K-CAPTURE", "category": "PEPTIDE", "begin": "39", "end": "42", "description": "OK for MS: No | |  Mass: 497.29618000000005", "color": "#606060"}, {"type": "K-CAPTURE", "category": "PEPTIDE", "begin": "43", "end": "47", "description": "OK for MS: No | |  Mass: 616.28566", "color": "#606060"}, {"type": "PHOBIUS", "category": "EXTRACELLULAR_DOMAIN", "begin": "32", "end": "50"}, {"type": "TMHMM", "category": "EXTRACELLULAR_DOMAIN", "begin": "36", "end": "50"}]}