{"Accession": "A0A1B0GV90", "sequence": "MEDSSLSSGVDVDKGFAIAFVVLLFLFLIVMIFRCAKLVKNPYKASSTTTEPSLS", "taxid": "9606", "features": [{"type": "NXS", "category": "MOTIF", "begin": "NA", "end": "NA", "color": "#FFA07A"}, {"type": "NXT", "category": "MOTIF", "begin": "NA", "end": "NA", "color": "#4DB07E"}, {"type": "NXC", "category": "MOTIF", "begin": "NA", "end": "NA", "color": "#00BFFF"}, {"type": "NXV", "category": "MOTIF", "begin": "NA", "end": "NA", "color": "#ADF5D1"}, {"type": "C", "category": "MOTIF", "begin": "35", "end": "35", "color": "#9987C8"}, {"type": "K", "category": "MOTIF", "begin": "14", "end": "14", "color": "#5CEBA3"}, {"type": "K", "category": "MOTIF", "begin": "37", "end": "37", "color": "#5CEBA3"}, {"type": "K", "category": "MOTIF", "begin": "40", "end": "40", "color": "#5CEBA3"}, {"type": "K", "category": "MOTIF", "begin": "44", "end": "44", "color": "#5CEBA3"}, {"type": "NOT-CAPTURED", "category": "PEPTIDE", "begin": "15", "end": "34", "description": "OK for MS: Yes | |  Mass: 2310.37298", "color": "4DB07E"}, {"type": "NOT-CAPTURED", "category": "PEPTIDE", "begin": "45", "end": "55", "description": "OK for MS: Yes | |  Mass: 1061.4876800000002", "color": "4DB07E"}, {"type": "K-CAPTURE", "category": "PEPTIDE", "begin": "1", "end": "14", "description": "OK for MS: Yes | |  Mass: 1449.62932", "color": "4DB07E"}, {"type": "C-CAPTURE", "category": "PEPTIDE", "begin": "35", "end": "37", "description": "OK for MS: No | |  Mass: 359.16272000000004", "color": "#606060"}, {"type": "K-CAPTURE", "category": "PEPTIDE", "begin": "35", "end": "37", "description": "OK for MS: No | |  Mass: 359.16272000000004", "color": "#606060"}, {"type": "K-CAPTURE", "category": "PEPTIDE", "begin": "38", "end": "40", "description": "OK for MS: No | |  Mass: 340.24743", "color": "#606060"}, {"type": "K-CAPTURE", "category": "PEPTIDE", "begin": "41", "end": "44", "description": "OK for MS: No | |  Mass: 502.25397999999996", "color": "#606060"}, {"type": "PHOBIUS", "category": "EXTRACELLULAR_DOMAIN", "begin": "1", "end": "15"}, {"type": "TMHMM", "category": "EXTRACELLULAR_DOMAIN", "begin": "1", "end": "15"}]}