{"Accession": "A0A1B0GST9", "sequence": "MEEPTPEPVYVDVDKGLTLACFVFLCLFLVVMIIRCAKVIMDPYSAIPTSTWEEQHLDD", "taxid": "9606", "features": [{"type": "NXS", "category": "MOTIF", "begin": "NA", "end": "NA", "color": "#FFA07A"}, {"type": "NXT", "category": "MOTIF", "begin": "NA", "end": "NA", "color": "#4DB07E"}, {"type": "NXC", "category": "MOTIF", "begin": "NA", "end": "NA", "color": "#00BFFF"}, {"type": "NXV", "category": "MOTIF", "begin": "NA", "end": "NA", "color": "#ADF5D1"}, {"type": "C", "category": "MOTIF", "begin": "21", "end": "21", "color": "#9987C8"}, {"type": "C", "category": "MOTIF", "begin": "26", "end": "26", "color": "#9987C8"}, {"type": "C", "category": "MOTIF", "begin": "36", "end": "36", "color": "#9987C8"}, {"type": "K", "category": "MOTIF", "begin": "15", "end": "15", "color": "#5CEBA3"}, {"type": "K", "category": "MOTIF", "begin": "38", "end": "38", "color": "#5CEBA3"}, {"type": "C-CAPTURE", "category": "PEPTIDE", "begin": "16", "end": "35", "description": "OK for MS: Yes | |  Mass: 2366.30803", "color": "4DB07E"}, {"type": "NOT-CAPTURED", "category": "PEPTIDE", "begin": "39", "end": "59", "description": "OK for MS: Yes | |  Mass: 2428.0892600000006", "color": "4DB07E"}, {"type": "K-CAPTURE", "category": "PEPTIDE", "begin": "1", "end": "15", "description": "OK for MS: Yes | |  Mass: 1728.7916200000002", "color": "4DB07E"}, {"type": "C-CAPTURE", "category": "PEPTIDE", "begin": "36", "end": "38", "description": "OK for MS: No | |  Mass: 359.16272000000004", "color": "#606060"}, {"type": "K-CAPTURE", "category": "PEPTIDE", "begin": "36", "end": "38", "description": "OK for MS: No | |  Mass: 359.16272000000004", "color": "#606060"}, {"type": "PHOBIUS", "category": "EXTRACELLULAR_DOMAIN", "begin": "1", "end": "16"}, {"type": "TMHMM", "category": "EXTRACELLULAR_DOMAIN", "begin": "1", "end": "15"}]}