{"Accession": "A0A286YEX9", "sequence": "MGCCGCGGCGGRCSGGCGGGCGGGCGGGCGGGCGGCGGGCGSYTTCR", "taxid": "9606", "features": [{"type": "NXS", "category": "MOTIF", "begin": "NA", "end": "NA", "color": "#FFA07A"}, {"type": "NXT", "category": "MOTIF", "begin": "NA", "end": "NA", "color": "#4DB07E"}, {"type": "NXC", "category": "MOTIF", "begin": "NA", "end": "NA", "color": "#00BFFF"}, {"type": "NXV", "category": "MOTIF", "begin": "NA", "end": "NA", "color": "#ADF5D1"}, {"type": "C", "category": "MOTIF", "begin": "3", "end": "3", "color": "#9987C8"}, {"type": "C", "category": "MOTIF", "begin": "4", "end": "4", "color": "#9987C8"}, {"type": "C", "category": "MOTIF", "begin": "6", "end": "6", "color": "#9987C8"}, {"type": "C", "category": "MOTIF", "begin": "9", "end": "9", "color": "#9987C8"}, {"type": "C", "category": "MOTIF", "begin": "13", "end": "13", "color": "#9987C8"}, {"type": "C", "category": "MOTIF", "begin": "17", "end": "17", "color": "#9987C8"}, {"type": "C", "category": "MOTIF", "begin": "21", "end": "21", "color": "#9987C8"}, {"type": "C", "category": "MOTIF", "begin": "25", "end": "25", "color": "#9987C8"}, {"type": "C", "category": "MOTIF", "begin": "29", "end": "29", "color": "#9987C8"}, {"type": "C", "category": "MOTIF", "begin": "33", "end": "33", "color": "#9987C8"}, {"type": "C", "category": "MOTIF", "begin": "36", "end": "36", "color": "#9987C8"}, {"type": "C", "category": "MOTIF", "begin": "40", "end": "40", "color": "#9987C8"}, {"type": "C", "category": "MOTIF", "begin": "46", "end": "46", "color": "#9987C8"}, {"type": "K", "category": "MOTIF", "begin": "NA", "end": "NA", "color": "#5CEBA3"}, {"type": "C-CAPTURE", "category": "PEPTIDE", "begin": "1", "end": "12", "description": "OK for MS: Yes | |  Mass: 1269.3929600000001", "color": "4DB07E"}, {"type": "C-CAPTURE", "category": "PEPTIDE", "begin": "13", "end": "47", "description": "OK for MS: Yes | |  Mass: 3276.02891", "color": "4DB07E"}]}