{"Accession": "A0A2R8VHR8", "sequence": "MLKMSGWQRQSQNNSRNLRRECSRRKCIFIHHHT", "taxid": "9606", "features": [{"type": "NXS", "category": "MOTIF", "begin": "13", "end": "13", "color": "#FFA07A"}, {"type": "NXT", "category": "MOTIF", "begin": "NA", "end": "NA", "color": "#4DB07E"}, {"type": "NXC", "category": "MOTIF", "begin": "NA", "end": "NA", "color": "#00BFFF"}, {"type": "NXV", "category": "MOTIF", "begin": "NA", "end": "NA", "color": "#ADF5D1"}, {"type": "C", "category": "MOTIF", "begin": "22", "end": "22", "color": "#9987C8"}, {"type": "C", "category": "MOTIF", "begin": "27", "end": "27", "color": "#9987C8"}, {"type": "K", "category": "MOTIF", "begin": "3", "end": "3", "color": "#5CEBA3"}, {"type": "K", "category": "MOTIF", "begin": "26", "end": "26", "color": "#5CEBA3"}, {"type": "NOT-CAPTURED", "category": "PEPTIDE", "begin": "4", "end": "9", "description": "OK for MS: Yes | |  Mass: 745.3329799999999", "color": "4DB07E"}, {"type": "N-GLYCO-CAPTURE", "category": "PEPTIDE", "begin": "10", "end": "16", "description": "OK for MS: Yes | |  Mass: 814.3681899999999", "color": "4DB07E"}, {"type": "NOT-CAPTURED", "category": "PEPTIDE", "begin": "17", "end": "19", "description": "OK for MS: No | |  Mass: 383.2281", "color": "#606060"}, {"type": "NOT-CAPTURED", "category": "PEPTIDE", "begin": "20", "end": "20", "description": "OK for MS: No | |  Mass: 156.10111", "color": "#606060"}, {"type": "C-CAPTURE", "category": "PEPTIDE", "begin": "21", "end": "24", "description": "OK for MS: No | |  Mass: 532.2063800000001", "color": "#606060"}, {"type": "NOT-CAPTURED", "category": "PEPTIDE", "begin": "25", "end": "25", "description": "OK for MS: No | |  Mass: 156.10111", "color": "#606060"}, {"type": "C-CAPTURE", "category": "PEPTIDE", "begin": "27", "end": "34", "description": "OK for MS: Yes | |  Mass: 1045.4915899999999", "color": "4DB07E"}, {"type": "K-CAPTURE", "category": "PEPTIDE", "begin": "1", "end": "3", "description": "OK for MS: No | |  Mass: 372.21951", "color": "#606060"}, {"type": "K-CAPTURE", "category": "PEPTIDE", "begin": "26", "end": "26", "description": "OK for MS: No | |  Mass: 128.09496", "color": "#606060"}]}