{"Accession": "A0A286YFK9", "sequence": "MTSWPGGSFGPDPLLALLVVILLARLILWSCLGTYIDYRLAQRRPQKPKQD", "taxid": "9606", "features": [{"type": "NXS", "category": "MOTIF", "begin": "NA", "end": "NA", "color": "#FFA07A"}, {"type": "NXT", "category": "MOTIF", "begin": "NA", "end": "NA", "color": "#4DB07E"}, {"type": "NXC", "category": "MOTIF", "begin": "NA", "end": "NA", "color": "#00BFFF"}, {"type": "NXV", "category": "MOTIF", "begin": "NA", "end": "NA", "color": "#ADF5D1"}, {"type": "C", "category": "MOTIF", "begin": "31", "end": "31", "color": "#9987C8"}, {"type": "K", "category": "MOTIF", "begin": "47", "end": "47", "color": "#5CEBA3"}, {"type": "K", "category": "MOTIF", "begin": "49", "end": "49", "color": "#5CEBA3"}, {"type": "NOT-CAPTURED", "category": "PEPTIDE", "begin": "1", "end": "25", "description": "OK for MS: Yes | |  Mass: 2604.4501200000004", "color": "4DB07E"}, {"type": "C-CAPTURE", "category": "PEPTIDE", "begin": "26", "end": "39", "description": "OK for MS: Yes | |  Mass: 1753.8861399999998", "color": "4DB07E"}, {"type": "NOT-CAPTURED", "category": "PEPTIDE", "begin": "40", "end": "43", "description": "OK for MS: No | |  Mass: 468.28086", "color": "#606060"}, {"type": "NOT-CAPTURED", "category": "PEPTIDE", "begin": "50", "end": "51", "description": "OK for MS: No | |  Mass: 243.08552", "color": "#606060"}, {"type": "K-CAPTURE", "category": "PEPTIDE", "begin": "44", "end": "49", "description": "OK for MS: Yes | |  Mass: 734.45513", "color": "4DB07E"}, {"type": "PHOBIUS", "category": "EXTRACELLULAR_DOMAIN", "begin": "1", "end": "14"}, {"type": "TMHMM", "category": "EXTRACELLULAR_DOMAIN", "begin": "1", "end": "15"}]}